Name,Phone Number,Email
Mary R. Speier,503-808-5327,MaryRSpeier@jourrapide.com            This is a real email address. Click here to activate it!
Jimmy Y. Behler,530-438-1884,JimmyYBehler@teleworm.us            This is a real email address. Click here to activate it!
Osvaldo U. Ervin,760-738-6451,OsvaldoUErvin@rhyta.com            This is a real email address. Click here to activate it!
Frank A. Villa,281-375-2811,FrankAVilla@dayrep.com            This is a real email address. Click here to activate it!
Ryan K. Johnson,201-723-3888,RyanKJohnson@dayrep.com            This is a real email address. Click here to activate it!
William D. Kirkland,863-299-1283,WilliamDKirkland@jourrapide.com            This is a real email address. Click here to activate it!
Eleanor C. Acevedo,907-398-5166,EleanorCAcevedo@teleworm.us            This is a real email address. Click here to activate it!
Hunter R. Hussain,615-344-5216,HunterRHussain@teleworm.us            This is a real email address. Click here to activate it!
James J. Gilligan,440-813-4366,JamesJGilligan@rhyta.com            This is a real email address. Click here to activate it!
Megan C. Parker,920-230-6263,MeganCParker@teleworm.us            This is a real email address. Click here to activate it!
Mickey J. Dowell,617-923-2998,MickeyJDowell@jourrapide.com            This is a real email address. Click here to activate it!
Michele M. Kong,201-217-9196,MicheleMKong@dayrep.com            This is a real email address. Click here to activate it!
Mattie F. Blevins,405-650-3572,MattieFBlevins@jourrapide.com            This is a real email address. Click here to activate it!
Antonio J. Nelson,301-887-5232,AntonioJNelson@dayrep.com            This is a real email address. Click here to activate it!
Carrie J. Lee,312-501-5241,CarrieJLee@teleworm.us            This is a real email address. Click here to activate it!
Sarah L. Carter,718-392-7284,SarahLCarter@dayrep.com            This is a real email address. Click here to activate it!
Ryan T. Myers,580-747-7740,RyanTMyers@dayrep.com            This is a real email address. Click here to activate it!
Michael G. Huntley,570-595-9843,MichaelGHuntley@jourrapide.com            This is a real email address. Click here to activate it!
Elena E. Loyd,321-221-6933,ElenaELoyd@rhyta.com            This is a real email address. Click here to activate it!
Edith J. Garcia,203-317-7528,EdithJGarcia@teleworm.us            This is a real email address. Click here to activate it!
Donald S. Williams,601-502-0220,DonaldSWilliams@armyspy.com            This is a real email address. Click here to activate it!
Angela A. Cooper,216-246-7230,AngelaACooper@jourrapide.com            This is a real email address. Click here to activate it!
Marcelina M. Doran,920-431-2342,MarcelinaMDoran@dayrep.com            This is a real email address. Click here to activate it!
Mark K. Brady,914-389-0698,MarkKBrady@jourrapide.com            This is a real email address. Click here to activate it!
Morris S. Webb,814-333-2272,MorrisSWebb@jourrapide.com            This is a real email address. Click here to activate it!
Paul O. Nisbet,626-345-1882,PaulONisbet@jourrapide.com            This is a real email address. Click here to activate it!
Daniel L. Armand,570-508-7862,DanielLArmand@dayrep.com            This is a real email address. Click here to activate it!
Donald M. Dehart,757-416-2964,DonaldMDehart@rhyta.com            This is a real email address. Click here to activate it!
Charles J. Cash,718-752-3558,CharlesJCash@dayrep.com            This is a real email address. Click here to activate it!
Melissa R. Sellers,973-745-3033,MelissaRSellers@dayrep.com            This is a real email address. Click here to activate it!
Steven I. Dillard,650-231-0189,StevenIDillard@dayrep.com            This is a real email address. Click here to activate it!
Deborah H. Chitwood,609-567-2590,DeborahHChitwood@jourrapide.com            This is a real email address. Click here to activate it!
Philip L. Ward,912-635-3214,PhilipLWard@dayrep.com            This is a real email address. Click here to activate it!
Lester S. Sanchez,937-869-2886,LesterSSanchez@jourrapide.com            This is a real email address. Click here to activate it!
Tyler K. Brown,425-450-3945,TylerKBrown@armyspy.com            This is a real email address. Click here to activate it!
Jesus K. Watson,440-445-6725,JesusKWatson@dayrep.com            This is a real email address. Click here to activate it!
Henrietta A. Lonon,989-212-4420,HenriettaALonon@rhyta.com            This is a real email address. Click here to activate it!
Sandra J. Erickson,203-910-9508,SandraJErickson@jourrapide.com            This is a real email address. Click here to activate it!
Robert P. Stewart,734-232-2319,RobertPStewart@teleworm.us            This is a real email address. Click here to activate it!
Jack M. Hamm,425-398-6383,JackMHamm@dayrep.com            This is a real email address. Click here to activate it!
Dennis S. Lilly,828-441-4429,DennisSLilly@teleworm.us            This is a real email address. Click here to activate it!
Juanita R. Taylor,313-304-9061,JuanitaRTaylor@armyspy.com            This is a real email address. Click here to activate it!
Brenda R. Coghill,781-935-9064,BrendaRCoghill@teleworm.us            This is a real email address. Click here to activate it!
Jose E. Lockhart,434-426-8690,JoseELockhart@teleworm.us            This is a real email address. Click here to activate it!
Melvin T. Davis,218-742-5123,MelvinTDavis@dayrep.com            This is a real email address. Click here to activate it!
Judith S. Compton,269-652-0989,JudithSCompton@dayrep.com            This is a real email address. Click here to activate it!
Terry A. Brooks,610-992-7214,TerryABrooks@dayrep.com            This is a real email address. Click here to activate it!
Michael K. Fisher,954-812-9474,MichaelKFisher@jourrapide.com            This is a real email address. Click here to activate it!
Antoinette P. Ingalls,806-350-8558,AntoinettePIngalls@dayrep.com            This is a real email address. Click here to activate it!
Edith M. Steck,903-635-0834,EdithMSteck@dayrep.com            This is a real email address. Click here to activate it!
Julia M. Dolce,701-445-3291,JuliaMDolce@jourrapide.com            This is a real email address. Click here to activate it!
Beverly M. Wilson,805-709-5234,BeverlyMWilson@jourrapide.com            This is a real email address. Click here to activate it!
Michael P. Slick,561-390-3210,MichaelPSlick@teleworm.us            This is a real email address. Click here to activate it!
Tammy C. Derry,425-748-1379,TammyCDerry@teleworm.us            This is a real email address. Click here to activate it!
Nellie B. Shoffner,302-832-6682,NellieBShoffner@rhyta.com            This is a real email address. Click here to activate it!
Robert M. Little,660-584-3475,RobertMLittle@jourrapide.com            This is a real email address. Click here to activate it!
Lanie F. Williams,573-703-0179,LanieFWilliams@dayrep.com            This is a real email address. Click here to activate it!
Mary A. Thompson,708-991-5105,MaryAThompson@jourrapide.com            This is a real email address. Click here to activate it!
Ana R. Westman,714-269-6974,AnaRWestman@rhyta.com            This is a real email address. Click here to activate it!
Latasha R. Arredondo,708-659-6248,LatashaRArredondo@jourrapide.com            This is a real email address. Click here to activate it!
Mary B. Benedetto,814-697-5680,MaryBBenedetto@armyspy.com            This is a real email address. Click here to activate it!
Kyle B. Davis,216-335-4361,KyleBDavis@jourrapide.com            This is a real email address. Click here to activate it!
Bertha F. Hackler,908-251-9923,BerthaFHackler@rhyta.com            This is a real email address. Click here to activate it!
Daniel C. Moyers,601-273-4057,DanielCMoyers@armyspy.com            This is a real email address. Click here to activate it!
Alfonso M. Ross,513-420-6594,AlfonsoMRoss@armyspy.com            This is a real email address. Click here to activate it!
Thanh P. Pacheco,617-585-6445,ThanhPPacheco@jourrapide.com            This is a real email address. Click here to activate it!
Dustin D. Zaragoza,580-688-1047,DustinDZaragoza@rhyta.com            This is a real email address. Click here to activate it!
Dave E. Schmidt,609-345-5484,DaveESchmidt@dayrep.com            This is a real email address. Click here to activate it!
William A. Beams,601-912-2963,WilliamABeams@teleworm.us            This is a real email address. Click here to activate it!
Kenneth J. Posner,602-349-6222,KennethJPosner@teleworm.us            This is a real email address. Click here to activate it!
Oda T. Thompson,856-665-6805,OdaTThompson@jourrapide.com            This is a real email address. Click here to activate it!
Wendy J. Sewell,412-444-7534,WendyJSewell@rhyta.com            This is a real email address. Click here to activate it!
Gary L. Thomason,325-214-5124,GaryLThomason@teleworm.us            This is a real email address. Click here to activate it!
Vanessa M. Powers,918-674-1609,VanessaMPowers@armyspy.com            This is a real email address. Click here to activate it!
Corey M. Benson,847-579-8229,CoreyMBenson@teleworm.us            This is a real email address. Click here to activate it!
Charles E. Helton,316-259-0620,CharlesEHelton@rhyta.com            This is a real email address. Click here to activate it!
Marilyn C. Roberts,609-839-7252,MarilynCRoberts@rhyta.com            This is a real email address. Click here to activate it!
Brenda S. Presley,808-540-0521,BrendaSPresley@teleworm.us            This is a real email address. Click here to activate it!
Barbara R. Lanz,281-233-6999,BarbaraRLanz@rhyta.com            This is a real email address. Click here to activate it!
Ann E. Caballero,830-538-6194,AnnECaballero@jourrapide.com            This is a real email address. Click here to activate it!
Freddie C. Black,323-389-0518,FreddieCBlack@armyspy.com            This is a real email address. Click here to activate it!
William J. Tobler,325-977-5807,WilliamJTobler@rhyta.com            This is a real email address. Click here to activate it!
Patricia T. Gress,303-265-8657,PatriciaTGress@armyspy.com            This is a real email address. Click here to activate it!
Carol M. Berry,269-639-3542,CarolMBerry@dayrep.com            This is a real email address. Click here to activate it!
Steven M. Allen,608-373-3428,StevenMAllen@jourrapide.com            This is a real email address. Click here to activate it!
Allison S. Beck,931-484-7864,AllisonSBeck@teleworm.us            This is a real email address. Click here to activate it!
Patricia E. Horne,720-263-1348,PatriciaEHorne@teleworm.us            This is a real email address. Click here to activate it!
Patrick E. Keel,540-785-8442,PatrickEKeel@rhyta.com            This is a real email address. Click here to activate it!
Ruth B. Hill,650-624-1604,RuthBHill@rhyta.com            This is a real email address. Click here to activate it!
Ann T. Wimer,816-200-7536,AnnTWimer@dayrep.com            This is a real email address. Click here to activate it!
Michael M. Wallin,650-428-2557,MichaelMWallin@armyspy.com            This is a real email address. Click here to activate it!
Douglas W. Somers,559-332-2927,DouglasWSomers@rhyta.com            This is a real email address. Click here to activate it!
Patrick T. Wallace,909-984-1238,PatrickTWallace@rhyta.com            This is a real email address. Click here to activate it!
Timothy B. Keith,620-365-1325,TimothyBKeith@teleworm.us            This is a real email address. Click here to activate it!
Scott J. Mauldin,602-296-6995,ScottJMauldin@dayrep.com            This is a real email address. Click here to activate it!
Daryl D. Morales,973-597-0400,DarylDMorales@dayrep.com            This is a real email address. Click here to activate it!
Emmanuel E. Stein,920-408-9716,EmmanuelEStein@rhyta.com            This is a real email address. Click here to activate it!
Wendell E. Parker,612-729-4680,WendellEParker@rhyta.com            This is a real email address. Click here to activate it!
Mary M. Gillingham,601-301-4375,MaryMGillingham@rhyta.com            This is a real email address. Click here to activate it!
Janice C. Winfield,559-773-2638,JaniceCWinfield@teleworm.us            This is a real email address. Click here to activate it!
